"venue_id","name","capacity","grass","city","state","zip","country_code","location.x","location.y","elevation","year_constructed","dome","timezone"
4747,"Abbott Memorial Alumni Stadium", 10000,NA,"Tuskegee","AL",NA,"US",  32.424029, -85.691620,"122.8",1925,FALSE,NA
3599,"Ace W. Mumford Stadium", 28500,FALSE,"Baton Rouge","LA","70807","US",  30.522146, -91.189609,"20.24213219",1928,FALSE,"America/Chicago"
3601,"Aggie Memorial Stadium", 28853,FALSE,"Las Cruces","NM","88003","US",  32.279620,-106.741115,"1208.201294",1978,FALSE,"America/Denver"
3602,"Aggie Stadium", 10743,FALSE,"Davis","CA","95616","US",  38.536527,-121.762794,"11.3825922",2007,FALSE,"America/Los_Angeles"
3603,"Aggie Stadium", 21500,TRUE,"Greensboro","NC","27411","US",  36.081434, -79.770039,"235.1224518",1981,FALSE,"America/New_York"
3604,"Alamodome", 36582,FALSE,"San Antonio","TX","78299","US",  29.416983, -98.478814,"201.5526886",1993,TRUE,"America/Chicago"
3653,"Albertsons Stadium", 36387,FALSE,"Boise","ID","83725","US",  43.602884,-116.195888,"823.2221069",1970,FALSE,"America/Boise"
3605,"Alerus Center", 12283,FALSE,"Grand Forks","ND","58201","US",  47.910622, -97.090996,"255.2472076",2001,TRUE,"America/Chicago"
1027,"Alex G. Spanos Stadium", 11075,TRUE,"San Luis Obispo","CA","93405","US",  35.298412,-120.665001,"84.6832428",2006,FALSE,"America/Los_Angeles"
3607,"Alfond Stadium", 10000,FALSE,"Orono","ME","4469 ","US",  44.905128, -68.672472,"35.4817543",1998,FALSE,"America/New_York"
6501,"Allegiant Stadium", 65000,NA,"Las Vegas","NV","89154","US",  36.167256,-115.148516,NA,NA,TRUE,NA
3609,"Allgood-Bailey Stadium",  8000,TRUE,"Rolla","MO","65401","US",  37.950370, -91.780444,"336.1",1967,FALSE,"America/Chicago"
5363,"Allianz Stadium", 45500,TRUE,"Sydney","NSW","2021 ","AU", -33.888907, 151.225343,"42.8",1988,FALSE,"Australia/Sydney"
3610,"Aloha Stadium", 50000,FALSE,"Honolulu","HI","96818","US",  21.372801,-157.929965,"10.26500511",1975,FALSE,"Pacific/Honolulu"
3597,"Alumni Memorial Field", 10000,TRUE,"Lexington","VA","24450","US",  37.788983, -79.435050,"294.958252",1962,FALSE,"America/New_York"
3613,"Alumni Stadium",  7193,FALSE,"Dover","DE","19901","US",  39.189375, -75.543318,"10.95275307",1980,FALSE,"America/New_York"
3615,"Alumni Stadium", 44500,FALSE,"Chestnut Hill","MA","2467 ","US",  42.335104, -71.166441,"39.82634354",1957,FALSE,"America/New_York"
3616,"Amon G. Carter Stadium", 46000,FALSE,"Fort Worth","TX","76129","US",  32.709660, -97.368083,"185.4387054",1929,FALSE,"America/Chicago"
3617,"Andy Kerr Stadium", 10221,FALSE,"Hamilton","NY","13346","US",  42.816899, -75.545272,"337.1443787",1966,FALSE,"America/New_York"
5221,"ANZ Stadium", 83500,TRUE,"Sydney","","2127 ","AU", -33.846991, 151.063435,"9.444999695",1999,FALSE,"Australia/Sydney"
3825,"Apogee Stadium", 30850,FALSE,"Denton","TX","76210","US",  33.203899, -97.159245,"198.6871948",2011,FALSE,"America/Chicago"
3619,"Arizona Stadium", 50782,FALSE,"Tucson","AZ","85721","US",  32.228805,-110.948868,"742.1530151",1928,FALSE,"America/Phoenix"
3620,"Armstrong Stadium", 12000,FALSE,"Hampton","VA","23669","US",  37.020089, -76.333156,"2.574624538",1928,FALSE,"America/New_York"
3622,"Arrowhead Stadium", 76416,TRUE,"Kansas City","MO","64129","US",  39.048889, -94.483889,"256.798584",1972,FALSE,"America/Chicago"
3623,"Arthur J. Rooney Athletic Field",  2200,FALSE,"Pittsburgh","PA","15282","US",  40.435581, -79.990026,"269.4302979",1993,FALSE,"America/New_York"
3624,"Arute Field",  5500,FALSE,"New Britain","CT","6053 ","US",  41.695059, -72.761620,"41.29866409",1969,FALSE,"America/New_York"
3687,"AT&T Stadium",100000,FALSE,"Arlington","TX","76011","US",  32.747778, -97.092778,"172.5047302",2009,FALSE,"America/Chicago"
6274,"Audi Field", 20000,NA,"Washington","DC",NA,"US",NA,NA,NA,NA,FALSE,NA
3626,"Autzen Stadium", 54000,FALSE,"Eugene","OR","97401","US",  44.058271,-123.068488,"127.4198303",1967,FALSE,"America/Los_Angeles"
3504,"Aviva Stadium", 51700,TRUE,"Dublin","",NA,"IE",  53.335230,  -6.228447,"2.264276505",2010,FALSE,NA
3627,"Bailey Memorial Stadium",  6500,TRUE,"Clinton","SC","29325","US",  34.461580, -81.861368,"194.1601868",2002,FALSE,"America/New_York"
3628,"Bank of America Stadium", 73778,TRUE,"Charlotte","NC","28202","US",  35.225833, -80.852778,"220.8777466",1996,FALSE,"America/New_York"
3629,"Barker-Lane Stadium",  5500,FALSE,"Buies Creek","NC","27506","US",  35.404769, -78.742484,"56.51401138",2008,FALSE,"America/New_York"
3630,"BB&T Field", 31500,FALSE,"Winston-Salem","NC","27105","US",  36.130551, -80.254585,"283.548584",1968,FALSE,"America/New_York"
3631,"BBVA Compass Stadium", 22000,TRUE,"Houston","TX","77003","US",  29.752199, -95.352415,"13.68128395",2012,FALSE,"America/Chicago"
3632,"Beaver Stadium",106572,FALSE,"University Park","PA","16802","US",  40.812196, -77.856102,"354.1551514",1960,FALSE,"America/New_York"
3634,"Ben Hill Griffin Stadium", 88548,TRUE,"Gainesville","FL","32653","US",  29.649936, -82.348579,"44.97250748",1930,FALSE,"America/New_York"
4729,"Benson Field at Yulman Stadium", 30000,FALSE,"New Orleans","LA","70118","US",  29.944616, -90.116692,"0.0000000000000000000000000000000000000118",2014,FALSE,"America/Chicago"
6043,"Bethpage Federal Credit Union Stadium",  6000,FALSE,"Brookville","NY","11545","US",  40.816284, -73.589546,"236",1966,FALSE,"America/New_York"
3636,"Bill Snyder Family Football Stadium", 50000,FALSE,"Manhattan","KS","66502","US",  39.202010, -96.593840,"328.0574646",1968,FALSE,"America/Chicago"
3639,"Blackshear Stadium", 15000,FALSE,"Prairie View","TX","77445","US",  30.091128, -95.994482,"78.4",2016,FALSE,"America/Chicago"
3841,"Blaik Field at Michie Stadium", 38000,FALSE,"West Point","NY","10996","US",  41.387492, -73.964089,"99.21277618",1924,FALSE,"America/New_York"
3697,"Bobby Bowden Field at Doak Campbell Stadium", 79560,FALSE,"Tallahassee","FL","32306","US",  30.438169, -84.304403,"19.55942535",1950,FALSE,"America/New_York"
 721,"Bobby Dodd Stadium at Historic Grant Field", 55000,TRUE,"Atlanta","GA","30332","US",  33.772445, -84.392805,"279.300415",1913,FALSE,"America/New_York"
3643,"Bobcat Stadium", 17000,FALSE,"Bozeman","MT","59718","US",  45.659048,-111.049547,"1507.508667",1973,FALSE,"America/Denver"
4419,"Bob Ford Field",  8500,FALSE,"Albany","NY","12222","US",  42.680806, -73.827284,"64.42764282",2013,FALSE,"America/New_York"
3646,"Boone Pickens Stadium", 55509,FALSE,"Stillwater","OK","74078","US",  36.125673, -97.066513,"276.4808655",1919,FALSE,"America/Chicago"
3647,"Bowers Stadium", 14000,FALSE,"Huntsville","TX","77340","US",  30.713926, -95.541980,"127.6225204",1986,FALSE,"America/Chicago"
3649,"Bowman Gray Stadium", 17000,TRUE,"Winston-Salem","NC","27107","US",  36.083372, -80.222037,"242.5",1937,FALSE,"America/New_York"
3650,"Bragg Memorial Stadium", 25500,FALSE,"Tallahassee","FL","32307","US",  30.426163, -84.292310,"31.18483925",1957,FALSE,"America/New_York"
4133,"Braly Municipal Stadium", 14215,FALSE,"Florence","AL","35630","US",  34.810914, -87.670587,"172.3",1949,FALSE,"America/Chicago"
3651,"Bridgeforth Stadium", 24877,FALSE,"Harrisonburg","VA","22807","US",  38.435292, -78.872935,"399.303009",1975,FALSE,"America/New_York"
3764,"Brigham Field at Huskie Stadium", 23595,FALSE,"DeKalb","IL","60115","US",  41.933959, -88.777836,"267.4530029",1965,FALSE,"America/Chicago"
3652,"Bright House Networks Stadium", 44206,FALSE,"Orlando","FL","32816","US",  28.607976, -81.192723,"20.94113731",2007,FALSE,"America/New_York"
4617,"Bristol Motor Speedway",162000,TRUE,"Briston","TN","37620","US",  36.516000, -82.257000,"456.8201294",1961,FALSE,"America/New_York"
3654,"Brooks Stadium", 21000,FALSE,"Conway","SC","29528","US",  33.792851, -79.016695,"13.74894905",2003,FALSE,"America/New_York"
3655,"Brown Field",  5000,FALSE,"Valparaiso","IN","46383","US",  41.465642, -87.047945,"244.6367645",1919,FALSE,"America/Chicago"
3656,"Brown Stadium", 20000,FALSE,"Providence","RI","2912 ","US",  41.842114, -71.393942,"33.87348557",1925,FALSE,"America/New_York"
3657,"Bryant Denny Stadium",101821,TRUE,"Tuscaloosa","AL","35487","US",  33.208275, -87.550384,"70.05136108",1929,FALSE,"America/Chicago"
3658,"Buccaneer Field",  4000,FALSE,"North Charleston","SC","29406","US",  32.981024, -80.065966,"12.6744318",1970,FALSE,"America/New_York"
3661,"Bulldog Stadium",  4400,FALSE,"Smithfield","RI","93710","US",  41.924206, -71.538512,"124.471344",1999,FALSE,"America/New_York"
3660,"Bulldog Stadium", 41031,FALSE,"Fresno","CA","93740","US",  36.814353,-119.758009,"102.564064",1980,FALSE,"America/Los_Angeles"
3664,"Butler Bowl",  5647,FALSE,"Indianapolis","IN","46721","US",  39.844469, -86.165924,"221.1980591",1928,FALSE,"America/Indiana/Indianapolis"
3666,"Cajun Field", 41426,FALSE,"Lafayette","LA","70506","US",  30.215843, -92.041737,"3.556508303",1971,FALSE,"America/Chicago"
3831,"California Memorial Stadium", 62467,FALSE,"Berkeley","CA","94720","US",  37.871043,-122.250773,"125.3108063",1923,FALSE,"America/Los_Angeles"
4013,"Camping World Stadium", 65000,FALSE,"Orlando","FL","32805","US",  28.539167, -81.402778,"31.37226868",1946,FALSE,"America/New_York"
 347,"Camp Randall Stadium", 80321,FALSE,"Madison","WI","53711","US",  43.069940, -89.412694,"263.604126",1917,FALSE,"America/Chicago"
3668,"Campus Field",  3334,FALSE,"Fairfield","CT","6825 ","US",  41.221249, -73.241743,"82.02420044",1993,FALSE,"America/New_York"
5388,"Canvas Stadium", 36500,FALSE,"Fort Collins","CO","80521","US",  40.570015,-105.088435,"1528.4",2017,FALSE,"America/Denver"
1964,"Carrier Dome", 49057,FALSE,"Syracuse","NY","13244","US",  43.036227, -76.136316,"162.6989746",1980,TRUE,"America/New_York"
3670,"Carter-Finley Stadium", 58000,FALSE,"Raleigh","NC","27695","US",  35.800800, -78.719566,"117.0089951",1966,FALSE,"America/New_York"
3671,"Case Field",  2400,FALSE,"Cleveland","OH","85099","US",  41.513447, -81.603634,"-81.603639",2005,FALSE,"America/New_York"
3625,"Centennial Bank Stadium", 30382,FALSE,"Jonesboro","AR","72404","US",  35.848898, -90.667744,"89.52690887",1974,FALSE,"America/Chicago"
3673,"CenturyLink Field", 69000,FALSE,"Seattle","WA","98134","US",  47.595217,-122.331650,"5.2",2002,FALSE,"America/Los_Angeles"
4251,"Chase Field",     0,FALSE,"Phoenix","AZ","85004","US",  33.445278,-112.066944,"323.2064514",1998,TRUE,"America/Phoenix"
3486,"Children's Mercy Park", 18467,TRUE,"Kansas City","KS","66111","US",  39.121768, -94.823198,"300.8",2011,FALSE,"America/Chicago"
3676,"Christy Mathewson-Memorial Stadium", 13100,FALSE,"Lewisburg","PA","17837","US",  40.951941, -76.884752,"151.194931",1924,FALSE,"America/New_York"
7220,"Clarence T.C. Ching Athletics Complex",  9000,TRUE,"Honolulu","HI","96822",NA,NA,NA,NA,NA,FALSE,NA
3681,"Coffey Field",  7000,FALSE,"The Bronx","NY","10458","US",  40.861581, -73.882765,"31.2384243",1930,FALSE,"America/New_York"
3683,"Commonwealth Stadium", 61000,TRUE,"Lexington","KY","40506","US",  38.022090, -84.505341,"307.4248962",1973,FALSE,"America/New_York"
3847,"Cooper Field",  3750,FALSE,"Washington","DC","20007","US",  38.908025, -77.075314,"32.38431549",2003,FALSE,"America/New_York"
 499,"Cotton Bowl", 92100,FALSE,"Dallas","TX","75210","US",  32.779722, -96.759722,"133.2241211",1930,FALSE,"America/Chicago"
5237,"Coughlin-Alumni Stadium", 19340,TRUE,"Brookings","SD","57006","US",  44.321018, -96.780139,"495.7769775",1962,FALSE,"America/Chicago"
3685,"Coughlin-Alumni Stadium", 16700,FALSE,"Brookings","SD","57007","US",  44.321210, -96.780096,"495.8",1961,FALSE,"America/Chicago"
3686,"Cowboy Stadium", 17610,FALSE,"Lake Charles","LA","70607","US",  30.180457, -93.217873,"4.168509007",1965,FALSE,"America/Chicago"
3689,"Cramton Bowl", 25000,FALSE,"Montgomery","AL","36101","US",  32.379490, -86.293002,"75.10210419",1922,FALSE,"America/Chicago"
4737,"Croke Park Stadium", 82300,FALSE,"Dublin","",NA,"IE",NA,NA,"4.7",1884,FALSE,NA
1905,"DakotaDome",  9100,FALSE,"Vermillion","SD","57069","US",  42.791122, -96.927843,"373.3928833",1979,TRUE,"America/Chicago"
3910,"Darrell K Royal-Texas Memorial Stadium",100119,FALSE,"Austin","TX","78712","US",  30.283681, -97.732534,"160.3089447",1924,FALSE,"America/Chicago"
3693,"Davis Wade Stadium", 61337,TRUE,"Starkville","MS","39762","US",  33.456340, -88.793365,"110.2742081",1914,FALSE,"America/Chicago"
3691,"D. B. Milne Field",  5000,FALSE,"Jacksonville","FL","32211","US",  30.356884, -81.605476,"12.51101398",1998,FALSE,"America/New_York"
3694,"DeGol Field",  3500,FALSE,"Loretto","PA","15940","US",  40.506317, -78.637214,"586.9408569",2006,FALSE,"America/New_York"
3695,"Delaware Stadium", 22000,FALSE,"Newark","DE","19713","US",  39.661743, -75.748822,"28.74350357",1952,FALSE,"America/New_York"
4258,"Dignity Health Sports Park", 48114,TRUE,"Carson","CA","90746","US",  33.864000,-118.261000,"39",2003,FALSE,"America/Los_Angeles"
3696,"Dix Stadium", 25319,FALSE,"Kent","OH","44242","US",  41.139094, -81.313460,"321.3641663",1969,FALSE,"America/New_York"
3887,"Donald W. Reynolds Razorback Stadium Frank Broyles Field", 80000,FALSE,"Fayetteville","AR","72702","US",  36.068066, -94.178953,"403.7972412",1938,FALSE,"America/Chicago"
3699,"Dowdy-Ficklen Stadium", 50000,FALSE,"Greenville","NC","27858","US",  35.596849, -77.364564,"19.0564537",1963,FALSE,"America/New_York"
3700,"Doyt Perry Stadium", 24000,FALSE,"Bowling Green","OH","43403","US",  41.378011, -83.622500,"205.9057465",1966,FALSE,"America/New_York"
3701,"Drake Stadium", 14557,FALSE,"Des Moines","IA","50311","US",  41.605000, -93.655000,"277.8869934",1925,FALSE,"America/Chicago"
6048,"Duane Stadium",  3500,NA,"North Andover","MA",NA,"US",NA,NA,NA,NA,FALSE,NA
3706,"Eccles Coliseum", 10000,FALSE,"Cedar City","UT","84720","US",  37.675792,-113.077394,"1763.97644",1967,FALSE,"America/Denver"
2068,"E. Claiborne Robins Stadium",  8217,FALSE,"Richmond","VA","23173","US",  37.580776, -77.537221,"60.03879166",2010,FALSE,"America/New_York"
3902,"Eddie Robinson Stadium", 19600,FALSE,"Grambling","LA","71245","US",  32.525866, -92.714641,"94.58428955",1983,FALSE,"America/Chicago"
4757,"Edwards-Maurer Field",  3000,FALSE,"Springfield","OH","45504","US",  39.937943, -83.812075,"309.1",1993,FALSE,"America/New_York"
3704,"E. J. Whitmire Stadium", 13742,FALSE,"Cullowhee","NC","28723","US",  35.304835, -83.181815,"653.8632813",1974,FALSE,"America/New_York"
3710,"Ernest W. Spangler Stadium",  9000,FALSE,"Boiling Springs","NC","28152","US",  35.245759, -81.673989,"253.207016",1969,FALSE,"America/New_York"
3711,"Estes Stadium", 10000,FALSE,"Conway","AR","72035","US",  35.080260, -92.460045,"94.25577545",1939,FALSE,"America/Chicago"
3712,"EverBank Field", 67858,TRUE,"Jacksonville","FL","32022","US",  30.323889, -81.637500,"1.336527586",1995,FALSE,"America/New_York"
3713,"Falcon Stadium", 46692,FALSE,"Colorado Springs","CO","80840","US",  38.996970,-104.843616,"2024.875732",1962,FALSE,"America/Denver"
3714,"Fargodome", 18700,FALSE,"Fargo","ND","51802","US",  46.902994, -96.800325,"274.4847717",1992,TRUE,"America/Chicago"
3838,"Faurot Field", 71168,FALSE,"Columbia","MO","65211","US",  38.935849, -92.333201,"212.6865692",1927,FALSE,"America/Chicago"
3715,"FAU Stadium", 29419,FALSE,"Boca Raton","FL","33499","US",  26.376376, -80.101576,"3.613628864",2011,FALSE,"America/New_York"
3719,"FedEx Field", 82000,TRUE,"Landover","MD","20785","US",  38.907778, -76.864444,"59.50488663",1997,FALSE,"America/New_York"
4245,"Fenway Park", 38073,TRUE,"Boston","MA","2297 ","US",  42.346389, -71.097500,"4.887843609",1912,FALSE,"America/New_York"
4899,"Fifth Third Bank Stadium",  8318,NA,"Kennesaw","GA","48187","US",  34.028932, -84.567623,"296.9589844",2010,FALSE,NA
3720,"Finley Stadium", 20668,FALSE,"Chattanooga","TN","37403","US",  35.036379, -85.315883,"200.1825104",1997,FALSE,"America/New_York"
3721,"Fisher Field", 13132,FALSE,"Easton","PA","18042","US",  40.700980, -75.210650,"81.43208313",1926,FALSE,"America/New_York"
3722,"Fitton Field", 23500,TRUE,"Worcester","MA","1601 ","US",  42.240356, -71.811142,"137.3915253",1924,FALSE,"America/New_York"
 218,"FIU Stadium", 20000,FALSE,"Miami","FL","33199","US",  25.752501, -80.377891,"1.718581796",1995,FALSE,"America/New_York"
4417,"Five Star Stadium at the Moye Complex", 10200,FALSE,"Macon","GA","31207","US",  32.826208, -83.652248,"138.6699677",2013,FALSE,"America/New_York"
3724,"Floyd Casey Stadium", 50000,FALSE,"Waco","TX","76798","US",  31.530206, -97.148358,"151.2",1950,FALSE,"America/Chicago"
3726,"Folsom Field", 50183,FALSE,"Boulder","CO","80309","US",  40.009475,-105.266905,"1634.041138",1924,FALSE,"America/Denver"
3727,"Ford Field", 64500,FALSE,"Detroit","MI","48226","US",  42.340000, -83.045556,"183.9643707",2002,TRUE,"America/Detroit"
3918,"Foreman Field", 20118,FALSE,"Norfolk","VA","23551","US",  36.888953, -76.304918,"3.147987843",1936,FALSE,"America/New_York"
3730,"Franklin Field", 52593,FALSE,"Philadelphia","PA","19104","US",  39.950147, -75.190104,"11.71361065",1895,FALSE,"America/New_York"
5220,"Garrison Stadium",  5000,NA,"Murfreesboro","TN",NA,"US",  36.434053, -77.098431,"18.69116974",2007,FALSE,NA
3734,"Gayle and Tom Benson Stadium",  6000,FALSE,"San Antonio","TX","78209","US",  29.467479, -98.470014,"208.4659576",2008,FALSE,"America/Chicago"
3835,"Gaylord Family Oklahoma Memorial Stadium", 86112,FALSE,"Norman","OK","73019","US",  35.205854, -97.442314,"355.0962524",1925,FALSE,"America/Chicago"
3495,"Georgia Dome", 74228,FALSE,"Atlanta","GA","39901","US",  33.757690, -84.400829,"303.1637268",1992,FALSE,"America/New_York"
4246,"Georgia State Stadium", 25000,FALSE,"Atlanta","GA","30315","US",  33.735267, -84.389949,"287",2017,FALSE,"America/New_York"
3735,"Gerald J. Ford Stadium", 32000,FALSE,"University Park","TX","75275","US",  32.837722, -96.782786,"169.4058075",2000,FALSE,"America/Chicago"
3737,"Gibbs Stadium", 13000,TRUE,"Spartanburg","SC","29303","US",  34.961861, -81.932891,"231.6300049",1996,FALSE,"America/New_York"
3738,"Gillette Stadium", 68756,FALSE,"Foxborough","MA","2035 ","US",  42.090946, -71.264347,"78.00233459",2002,FALSE,"America/New_York"
3739,"Glass Bowl", 26038,FALSE,"Toledo","OH","43606","US",  41.657478, -83.613565,"181.4839783",1937,FALSE,"America/New_York"
3740,"Golden Lion Stadium", 16000,FALSE,"Pine Bluff","AR","71601","US",  34.253327, -92.021403,"67.71961975",2000,FALSE,"America/Chicago"
3741,"Goodman Stadium", 16000,FALSE,"Bethlehem","PA","18015","US",  40.589084, -75.355387,"90.32305145",1988,FALSE,"America/New_York"
3742,"Governors Stadium", 10100,FALSE,"Clarksville","TN","37040","US",  36.536256, -87.352551,"142.8643188",1946,FALSE,"America/Chicago"
3748,"Graham Stadium",  7500,FALSE,"Martin","TN","38238","US",  36.344834, -88.861625,"124.6879349",1964,FALSE,"America/Chicago"
3745,"Greater Zion Stadium", 10500,NA,"Saint George","UT",NA,"US",NA,NA,NA,NA,FALSE,NA
4293,"Guaranteed Rate Field", 40615,TRUE,"Chicago","IL","60616","US",  41.830000, -87.633889,"180.8555756",1991,FALSE,"America/Chicago"
4029,"Hale Stadium", 10000,TRUE,"Nashville","TN","37209","US",  36.168056, -86.826944,"138.4986725",1953,FALSE,"America/Chicago"
3744,"Hancock Stadium", 15000,FALSE,"Normal","IL","61761","US",  40.512509, -88.996718,"242.8722687",1963,FALSE,"America/Chicago"
6526,"Hancock Whitney Stadium", 25450,NA,"Mobile","AL","85329","US",  30.694357, -88.043054,NA,NA,FALSE,NA
3746,"Hanson Field", 16368,FALSE,"Macomb","IL","61455","US",  40.468393, -90.684125,"192.8755646",1950,FALSE,"America/Chicago"
3948,"Hard Rock Stadium", 64767,TRUE,"Miami Gardens","FL","33299","US",  25.957967, -80.238860,"2.624486446",1987,FALSE,"America/New_York"
3963,"Harry Turpin Stadium", 15971,FALSE,"Natchitoches","LA","71457","US",  31.747259, -93.096136,"36.58879089",1976,FALSE,"America/Chicago"
3750,"Harvard Stadium", 30323,FALSE,"Boston","MA","2134 ","US",  42.366704, -71.126751,"1.96428895",1903,FALSE,"America/New_York"
3752,"Heinz Field", 68400,FALSE,"Pittsburgh","PA","15260","US",  40.446765, -80.015760,"220.5887146",2001,FALSE,"America/New_York"
3754,"High Point Solutions Stadium", 52454,FALSE,"Piscataway","NJ","8854 ","US",  40.513675, -74.465574,"8.543146133",1994,FALSE,"America/New_York"
4765,"Hillsboro Stadium",  7600,FALSE,"Portland","OR","97124","US",  45.554597,-122.906940,"65.4",1999,FALSE,"America/Los_Angeles"
1930,"Holt Arena", 12000,FALSE,"Pocatello","ID","83201","US",  42.870205,-112.428127,"1390.252441",1970,TRUE,"America/Boise"
3756,"Homer Bryce Stadium", 14575,FALSE,"Nacogdoches","TX","75961","US",  31.625719, -94.644403,"89.99433899",1973,FALSE,"America/Chicago"
4582,"Hornet Stadium", 26500,FALSE,"Montgomery","AL","36106","US",  32.364222, -86.289690,"79.35839844",2012,FALSE,"America/Chicago"
3757,"Hornet Stadium", 21195,FALSE,"Sacramento","CA","95819","US",  38.555672,-121.422961,"12.30015659",1969,FALSE,"America/Los_Angeles"
3796,"Houchens Industries-L. T. Smith Stadium", 22113,FALSE,"Bowling Green","KY","42101","US",  36.984790, -86.459404,"154.4346619",1968,FALSE,"America/Chicago"
7003,"Houck Field", 10000,NA,"Cape Girardeau","MO",NA,"US",NA,NA,NA,NA,FALSE,NA
3758,"Houck Stadium", 11015,FALSE,"Cape Girardeau","MO","63701","US",  37.309537, -89.531380,"137.7152405",1930,FALSE,"America/Chicago"
3762,"Hughes Stadium", 10000,FALSE,"Baltimore","MD","80521","US",  39.343978, -76.582957,"67.05336761",1949,FALSE,"America/New_York"
4424,"Husky Stadium",  5000,FALSE,"Houston","TX","77074","US",  29.694903, -95.516735,"19.87884521",2014,FALSE,"America/Chicago"
3765,"Husky Stadium", 70138,FALSE,"Seattle","WA","98195","US",  47.650323,-122.301575,"11.65622807",1920,FALSE,"America/Los_Angeles"
3766,"Independence Stadium", 52000,FALSE,"Shreveport","FL","71107","US",  32.475556, -93.791944,"78.48539734",1924,FALSE,"America/Chicago"
 150,"Jack Coffey Field",  7000,NA,"Bronx","NY",NA,"US",NA,NA,NA,NA,FALSE,NA
3771,"Jack Spinks Stadium", 22500,FALSE,"Lorman","MS","39096","US",  31.873621, -91.134880,"72.25324249",1992,FALSE,"America/Chicago"
3772,"Jack Trice Stadium", 61500,FALSE,"Ames","IA","50011","US",  42.013998, -93.635772,"274.9135437",1975,FALSE,"America/Chicago"
4752,"Jahna Field",     0,NA,"Winter Haven","FL","33880","US",  28.022243, -81.732857,"37.3",NA,FALSE,NA
3774,"Jayne Stadium", 10000,FALSE,"Morehead","KY","40351","US",  38.191648, -83.425331,"228.1033936",1964,FALSE,"America/New_York"
4418,"Jerry Richardson Stadium", 15300,FALSE,"Charlotte","NC","28223","US",  35.310503, -80.740119,"190.365509",2013,FALSE,"America/New_York"
3644,"Jim Wacker Field at Bobcat Stadium", 30000,FALSE,"San Marcos","TX","78666","US",  29.891001, -97.925573,"177.8676453",1981,FALSE,"America/Chicago"
3775,"Joan C. Edwards Stadium", 38016,FALSE,"Huntington","WV","25755","US",  38.424704, -82.421441,"163.7328186",1991,FALSE,"America/New_York"
3776,"Joe Aillet Stadium", 28019,FALSE,"Ruston","LA","71272","US",  32.532149, -92.656002,"72.87982941",1968,FALSE,"America/Chicago"
3777,"Joe Walton Stadium",  3000,FALSE,"Moon Township","PA","15108","US",  40.521046, -80.215923,"351.4482422",2005,FALSE,"America/New_York"
3778,"John F. Kennedy Stadium",  5200,FALSE,"Springfield","MO","19148","US",  37.191041, -93.301713,"385.9",1957,FALSE,"America/Chicago"
3725,"Johnny Red"""" Floyd Stadium""""", 30788,FALSE,"Murfreesboro","TN","37132","US",  35.851146, -86.368165,"191.7279816",1933,FALSE,"America/Chicago"
3781,"Johnny Unitas Stadium", 11200,FALSE,"Towson","MD","21252","US",  39.388568, -76.615972,"117.6974106",1978,FALSE,"America/New_York"
4728,"John O'Quinn Field at TDECU Stadium", 40000,FALSE,"Houston","TX","77004","US",  29.721988, -95.349162,"9.57440567",2014,FALSE,"America/Chicago"
3782,"Johnson Hagood Stadium", 11427,TRUE,"Charleston","SC","29403","US",  32.793698, -79.955818,"4.137742996",1948,FALSE,"America/New_York"
3784,"Jones AT&T Stadium", 60454,FALSE,"Lubbock","TX","79409","US",  33.591052,-101.872882,"980.7632446",1947,FALSE,"America/Chicago"
3785,"Jordan-Hare Stadium", 87451,TRUE,"Auburn","AL","36849","US",  32.602553, -85.489748,"201.1737976",1939,FALSE,"America/Chicago"
3662,"JSU Stadium", 24000,FALSE,"Jacksonville","AL","36265","US",  33.820105, -85.766470,"198.0679016",1947,FALSE,"America/Chicago"
3786,"Kelly/Shorts Stadium", 30255,FALSE,"Mount Pleasant","MI","48859","US",  43.577731, -84.770990,"240.9007721",1972,FALSE,"America/Detroit"
3787,"Kenan Memorial Stadium", 50500,FALSE,"Chapel Hill","NC","27515","US",  35.906929, -79.047889,"127.7569809",1927,FALSE,"America/New_York"
3788,"Kenneth P. LaValle Stadium", 12300,FALSE,"Stony Brook","NY","11790","US",  40.918883, -73.124297,"32.63183975",2002,FALSE,"America/New_York"
4900,"Kermit Tipton Stadium",  6600,FALSE,"Johnson City","TN","37604","US",  36.326933, -82.371014,"544.1551514",2010,FALSE,"America/New_York"
3790,"Kessler Field",  4000,FALSE,"West Long Branch","NJ","7764 ","US",  40.279379, -74.009264,"9.979202271",1993,FALSE,"America/New_York"
5389,"Kessler Stadium",  4200,FALSE,"West Long Branch","NJ","7764 ","US",  40.278953, -74.009451,"9.9",1993,FALSE,"America/New_York"
3791,"Kibbie Dome", 16000,FALSE,"Moscow","ID","83843","US",  46.726292,-117.017371,"794.4794922",1975,TRUE,"America/Los_Angeles"
3792,"Kidd Brewer Stadium", 30000,FALSE,"Boone","NC","28608","US",  36.211427, -81.685428,"991.3414307",1962,FALSE,"America/New_York"
3793,"Kinnick Stadium", 69250,FALSE,"Iowa City","IA","52242","US",  41.658605, -91.551083,"220.6357727",1929,FALSE,"America/Chicago"
3795,"Kyle Field",102733,TRUE,"College Station","TX","77843","US",  30.609889, -96.340383,"108.824585",1927,FALSE,"America/Chicago"
3797,"Ladd Peebles Stadium", 33471,FALSE,"Mobile","AL","36695","US",  30.673037, -88.075570,"9.828813553",1948,FALSE,"America/Chicago"
3798,"Lambeau Field", 80735,TRUE,"Greenbay","WI","54304","US",  44.501310, -88.062273,"192.3498077",1957,FALSE,"America/Chicago"
3799,"Lane Stadium", 65632,FALSE,"Blacksburg","VA","24061","US",  37.219987, -80.418064,"632.2631226",1965,FALSE,"America/New_York"
3801,"LaVell Edwards Stadium", 63470,FALSE,"Provo","UT","84602","US",  40.257535,-111.654525,"1412.097046",1964,FALSE,"America/Denver"
3802,"Lawrence A. Wien Stadium", 17000,FALSE,"Manhattan","NY","10034","US",  40.873270, -73.916459,"10.95070267",1984,FALSE,"America/New_York"
3803,"Legion Field", 72000,FALSE,"Birmingham","AL","35294","US",  33.511389, -86.842778,"174.6382141",1927,FALSE,"America/Chicago"
  36,"Leonidoff Field",  5000,FALSE,"Poughkeepsie","NY","12601","US",  41.719141, -73.932955,"24.94474983",1968,FALSE,"America/New_York"
4738,"Levi's Stadium", 68500,FALSE,"Santa Clara","CA","95054","US",  37.403000,-121.970000,"4.531901836",2014,FALSE,"America/Los_Angeles"
3805,"Liberty Bowl Memorial Stadium", 58325,FALSE,"Memphis","TN","38152","US",  35.120943, -89.977147,"90.62445831",1965,FALSE,"America/Chicago"
3806,"Lincoln Financial Field", 69879,FALSE,"Philadelphia","PA","19122","US",  39.900799, -75.167541,"3.198706865",2003,FALSE,"America/New_York"
 477,"Los Angeles Memorial Coliseum", 77500,TRUE,"Los Angeles","CA","90089","US",  34.014167,-118.287778,"42.50374222",1923,FALSE,"America/Los_Angeles"
3809,"Louis Crews Stadium", 21000,FALSE,"Huntsville","AL","35810","US",  34.783536, -86.578413,"214.9181061",1996,FALSE,"America/Chicago"
3811,"Lubbers Stadium", 10444,FALSE,"Allendale","MI","49401","US",  42.968996, -85.894735,"205.8",1973,FALSE,"America/Detroit"
3812,"Lucas Oil Stadium", 63000,FALSE,"Indianapolis","IN","46225","US",  39.760056, -86.163806,"216.3370361",2008,TRUE,"America/Indiana/Indianapolis"
3816,"Mackay Stadium", 27000,FALSE,"Reno","NV","89557","US",  39.546946,-119.817543,"1406.57605",1966,FALSE,"America/Los_Angeles"
3817,"Malone Stadium", 30427,FALSE,"Monroe","LA","71209","US",  32.530809, -92.066060,"22.998209",1978,FALSE,"America/Chicago"
3779,"Manning Field at John L. Guidry Stadium", 10500,FALSE,"Thibodaux","LA","70301","US",  29.786725, -90.804550,"3.23726368",1972,FALSE,"America/Chicago"
4223,"Marlins Park", 34000,TRUE,"Miami","FL","33125","US",  25.778056, -80.219722,"1.853350639",2012,FALSE,"America/New_York"
3820,"Martin Stadium", 32952,FALSE,"Pullman","WA","99164","US",  46.731831,-117.160499,"773.9526367",1972,FALSE,"America/Los_Angeles"
3665,"Maryland Stadium", 51802,FALSE,"College Park","MD","20742","US",  38.990333, -76.947379,"32.68748093",1950,FALSE,"America/New_York"
4727,"McLane Stadium", 45140,FALSE,"Waco","TX","76704","US",  31.558201, -97.115670,"117.0538101",2014,FALSE,"America/Chicago"
3824,"Meade Stadium",  8000,TRUE,"Kingston","RI","2881 ","US",  41.487998, -71.534746,"32.68801498",1928,FALSE,"America/New_York"
3826,"Memorial Field", 11000,FALSE,"Hanover","NH","3755 ","US",  43.701302, -72.284278,"152.3080139",1923,FALSE,"America/New_York"
3834,"Memorial Stadium", 85458,FALSE,"Lincoln","NE","68588","US",  40.820682, -96.705594,"354.9318848",1923,FALSE,"America/Chicago"
3829,"Memorial Stadium", 12764,FALSE,"Terre Haute","IN","47809","US",  39.474686, -87.366960,"155.5213165",1925,FALSE,"America/Indiana/Indianapolis"
3836,"Memorial Stadium", 81500,FALSE,"Clemson","SC","29634","US",  34.678774, -82.843243,"205.6452179",1942,FALSE,"America/New_York"
3832,"Memorial Stadium", 60670,FALSE,"Champaign","IL","61820","US",  40.099327, -88.235957,"223.2471619",1923,FALSE,"America/Chicago"
3833,"Memorial Stadium", 47000,FALSE,"Lawrence","KS","66045","US",  38.962942, -95.246369,"274.855957",1921,FALSE,"America/Chicago"
3830,"Memorial Stadium", 52656,FALSE,"Bloomington","IN","47408","US",  39.180896, -86.525622,"231.6500854",1960,FALSE,"America/Indiana/Indianapolis"
3827,"Memorial Stadium (Stephenville, TX)", 12000,NA,"Stephenville","TX",NA,"US",NA,NA,NA,NA,FALSE,NA
5348,"Mercedes-Benz Stadium", 75000,FALSE,"Atlanta","GA","30313","US",  33.755578, -84.400881,"307.9",2017,TRUE,"America/New_York"
3493,"Mercedes-Benz Superdome", 73000,FALSE,"New Orleans","LA","70112","US",  29.950833, -90.081111,"0.508185744",1975,TRUE,"America/Chicago"
3839,"MetLife Stadium", 82500,FALSE,"East Rutherford","NJ","7073 ","US",  40.813611, -74.074444,"1.68149209",2010,FALSE,"America/New_York"
3558,"Michigan Stadium",107601,FALSE,"Ann Arbor","MI","48109","US",  42.265836, -83.748696,"255.5500031",1927,FALSE,"America/Detroit"
3976,"Mississippi Veterans Memorial Stadium", 44215,TRUE,"Jackson","MS","39216","US",  32.330005, -90.179558,"108.4067383",1941,FALSE,"America/Chicago"
3815,"M. M. Roberts Stadium", 36000,FALSE,"Hattiesburg","MS","39402","US",  31.328932, -89.331812,"64.52726746",1932,FALSE,"America/Chicago"
4014,"Moretz Stadium",  8500,NA,"Hickory","NC","27244","US",  35.733331, -81.344291,"351.6",1924,FALSE,NA
3842,"Mountaineer Field at Milan Puskar Stadium", 60000,FALSE,"Morgantown","WV","26507","US",  39.650274, -79.955187,"327.409668",1980,FALSE,"America/New_York"
3814,"M&T Bank Stadium", 71008,FALSE,"Baltimore","MD","21230","US",  39.278056, -76.622778,"2.961556435",1998,FALSE,"America/New_York"
3848,"Multi-Sport Stadium",  1200,NA,"Worcester","MA","01613","US",  42.262562, -71.801888,"203.4",2005,FALSE,NA
3850,"Municipal Stadium", 10000,FALSE,"Daytona Beach","FL","32114","US",  29.173466, -81.117511,"9.516305923",1979,FALSE,"America/New_York"
3851,"Mustang Stadium",  3500,NA,"Stevenson","MD","21153","US",  39.410277, -76.712831,"154",2012,FALSE,NA
3852,"Navy-Marine Corps Memorial Stadium", 34000,TRUE,"Annapolis","MD","21402","US",  38.984699, -76.507633,"10.74990082",1959,FALSE,"America/New_York"
5083,"New Turner Stadium",  4400,NA,"Upland","IN","92602","US",  40.456848, -85.501181,"282.0274963",2012,FALSE,NA
3853,"Neyland Stadium",102455,TRUE,"Knoxville","TN","37996","US",  35.955013, -83.925013,"271.9517212",1921,FALSE,"America/New_York"
3854,"Nippert Stadium", 40000,FALSE,"Cincinnati","OH","45221","US",  39.131250, -84.516191,"230.0660553",1915,FALSE,"America/New_York"
3810,"Nissan Stadium", 69143,FALSE,"Nashville","TN","37209","US",  36.166479, -86.771290,"121.0412598",1999,FALSE,"America/Chicago"
3855,"Notre Dame Stadium", 80795,FALSE,"Notre Dame","IN","46556","US",  41.698378, -86.233942,"222.645401",1930,FALSE,"America/Indiana/Indianapolis"
3856,"Nottingham Field",  8500,TRUE,"Greeley","CO","80639","US",  40.403493,-104.705139,"1455.349976",1995,FALSE,"America/Denver"
3891,"NRG Stadium", 71995,TRUE,"Houston","TX","77054","US",  29.684722, -95.410833,"15.19169617",2002,TRUE,"America/Chicago"
3858,"O'Brien Stadium", 10000,FALSE,"Charleston","IL","61920","US",  39.480497, -88.181162,"212.9662933",1970,FALSE,"America/Chicago"
3861,"Ohio Stadium",102780,FALSE,"Columbus","OH","43210","US",  40.001645, -83.019727,"216.6770325",1922,FALSE,"America/New_York"
3862,"O'Kelly-Riddick Stadium", 10000,FALSE,"Durham","NC","27707","US",  35.973865, -78.896969,"96.73323059",1975,FALSE,"America/New_York"
3864,"Oliver C. Dawson Stadium", 22000,FALSE,"Orangeburg","SC","29115","US",  33.498631, -80.844686,"67.29846191",1955,FALSE,"America/New_York"
5403,"Orlando City Stadium",     0,NA,"Orlanda","FL",NA,"US",  26.321224, -81.692957,NA,NA,TRUE,NA
5116,"O'Shaughnessy Stadium",  5025,NA,"Saint Paul","MN",NA,"US",NA,NA,NA,NA,FALSE,NA
3868,"Paladin Stadium", 16000,FALSE,"Greenville","SC","29617","US",  34.920192, -82.437092,"303.2829285",1981,FALSE,"America/New_York"
5238,"Panther Stadium", 15000,TRUE,"Prairie View","TX","28202","US",  30.093787, -95.996091,"77.36286926",2016,FALSE,"America/Chicago"
3873,"Papa John's Cardinal Stadium", 60000,FALSE,"Louisville","KY","40292","US",  38.205762, -85.758814,"138.5615997",1998,FALSE,"America/Kentucky/Louisville"
3874,"Paul Brown Stadium", 66515,FALSE,"Cincinnati","OH","45202","US",  39.095555, -84.516071,"146.3",2000,FALSE,"America/New_York"
3608,"Paulson Stadium", 25000,FALSE,"Statesboro","GA","30460","US",  32.412247, -81.784930,"61.25376892",1984,FALSE,"America/New_York"
3876,"Peden Stadium", 24000,FALSE,"Athens","OH","45701","US",  39.321279, -82.103431,"194.230896",1929,FALSE,"America/New_York"
4205,"Petco Park",     0,NA,"San Diego","CA","92093","US",  32.717420,-117.162773,NA,NA,FALSE,NA
3878,"Plaster Sports Complex", 17337,FALSE,"Springfield","MO","65897","US",  37.197623, -93.279812,"402.368103",1941,FALSE,"America/Chicago"
7225,"Polar Park",  9508,NA,"Worcester","MA",NA,"US",NA,NA,NA,NA,FALSE,NA
3881,"Princeton University Stadium", 27800,FALSE,"Princeton","NJ","8540 ","US",  40.345793, -74.650005,"32.00296402",1998,FALSE,"America/New_York"
7221,"Protective Stadium",     0,NA,"Birmingham","AL","35203","US",  33.520682, -86.802433,NA,NA,FALSE,NA
3485,"Providence Park", 19566,FALSE,"Portland","OR","97205","US",  45.521598,-122.691681,"23.84255791",1926,FALSE,"America/Los_Angeles"
3882,"Provost Umphrey Stadium", 16000,FALSE,"Beaumont","TX","77705","US",  30.043130, -94.069963,"3.981505394",1964,FALSE,"America/Chicago"
3932,"Qualcomm Stadium", 70561,FALSE,"San Diego","CA","92108","US",  32.783112,-117.119572,"16.28476334",1967,FALSE,"America/Los_Angeles"
3886,"Raymond James Stadium", 65828,FALSE,"Tampa","FL","33620","US",  27.975869, -82.503334,"11.07972908",1998,FALSE,"America/New_York"
3889,"Reinhart Field",  3500,FALSE,"Bronx","NY","10465","US",  40.807528, -73.797744,"7",2012,FALSE,"America/New_York"
3892,"Rentschler Field", 40000,FALSE,"East Hartford","CT","6118 ","US",  41.759568, -72.618773,"6.515614986",2003,FALSE,"America/New_York"
3893,"Reser Stadium", 43363,FALSE,"Corvallis","OR","97331","US",  44.559456,-123.281434,"66.90744781",1953,FALSE,"America/Los_Angeles"
3491,"RFK Stadium", 45596,TRUE,"Washington","DC","20003","US",  38.889810, -76.971809,"3.029993296",1961,FALSE,"America/New_York"
3894,"Rhodes Stadium", 14000,TRUE,"Elon","NC","77493","US",  36.110127, -79.507998,"204.2487793",2001,FALSE,"America/New_York"
 587,"Rice-Eccles Stadium", 45807,FALSE,"Salt Lake City","UT","84112","US",  40.759972,-111.848826,"1411.543579",1998,FALSE,"America/Denver"
3895,"Rice Stadium", 47000,FALSE,"Houston","TX","77251","US",  29.716330, -95.409326,"7.148301601",1950,FALSE,"America/Chicago"
3896,"Rice-Totten Field", 10000,TRUE,"Itta Bena","MS","38941","US",  33.511830, -90.339772,"39.88368607",1958,FALSE,"America/Chicago"
3897,"Richardson Stadium",  6000,FALSE,"Davidson","NC","28036","US",  35.499574, -80.842842,"249.4658203",1923,FALSE,"America/New_York"
 453,"Robertson Stadium", 32000,FALSE,"Houston","TX","77004","US",  29.722053, -95.349175,"9.6",1942,FALSE,"America/Chicago"
3905,"Romney Stadium", 25513,FALSE,"Logan","UT","84322","US",  41.751739,-111.811601,"1427.914429",1968,FALSE,"America/Denver"
3906,"Roos Field",  8500,FALSE,"Cheney","WA","99004","US",  47.492780,-117.587353,"750.2774658",1967,FALSE,"America/Los_Angeles"
1056,"Rose Bowl", 88565,FALSE,"Pasadena","CA","90095","US",  34.161328,-118.167646,"245.1772461",1922,FALSE,"America/Los_Angeles"
3907,"Ross-Ade Stadium", 57282,FALSE,"West Lafayette","IN","47907","US",  40.435225, -86.918684,"197.5337677",1924,FALSE,"America/Indiana/Indianapolis"
3908,"Roy Kidd Stadium", 20000,FALSE,"Richmond","KY","40475","US",  37.734411, -84.297285,"298.1834717",1969,FALSE,"America/New_York"
3909,"Roy Stewart Stadium", 16800,FALSE,"Murray","KY","42071","US",  36.621516, -88.317553,"152.6495667",1973,FALSE,"America/Chicago"
3911,"Ryan Field", 47130,FALSE,"Evanston","IL","60208","US",  42.065399, -87.692475,"181.2376099",1926,FALSE,"America/Chicago"
3912,"Rynearson Stadium", 30200,FALSE,"Ypsilanti","MI","48197","US",  42.256126, -83.647285,"241.248764",1969,FALSE,"America/Detroit"
3913,"Saluki Stadium", 15000,FALSE,"Carbondale","IL","62901","US",  37.708637, -89.216212,"126.7586365",2010,FALSE,"America/Chicago"
3914,"Sam Boyd Stadium", 36800,FALSE,"Whitney","NV","89154","US",  36.085935,-115.017310,"490.0622253",1971,FALSE,"America/Los_Angeles"
3917,"Sanford Stadium", 92746,TRUE,"Athens","GA","30602","US",  33.949820, -83.373381,"186.1120758",1929,FALSE,"America/New_York"
3919,"Scheumann Stadium", 22500,FALSE,"Muncie","IN","47306","US",  40.215942, -85.416115,"285.481781",1967,FALSE,"America/Indiana/Indianapolis"
3921,"Schoellkopf Field", 21500,FALSE,"Ithaca","NY","14850","US",  42.443902, -76.478540,"257.3187561",1915,FALSE,"America/New_York"
3923,"Scott Stadium", 61500,FALSE,"Charlottesville","VA","22904","US",  38.031180, -78.513790,"170.4677429",1931,FALSE,"America/New_York"
3925,"Seibert Stadium",  6700,FALSE,"Homewood","AL","35229","US",  33.463273, -86.795326,"208.0207825",1958,FALSE,"America/Chicago"
3926,"Setzler Field",  4000,NA,"Newberry","SC","29108","US",  34.286133, -81.622539,"160.5950775",1922,FALSE,NA
3927,"Sherman Field",  4684,NA,"Houghton","MI",NA,"US",NA,NA,NA,NA,FALSE,NA
6577,"SHI Stadium", 52454,NA,"Piscataway","NJ","08854","US",  40.546255, -74.466041,NA,NA,FALSE,NA
3928,"Shotwell Stadium", 15075,FALSE,"Abilene","TX","79602","US",  32.433692, -99.698625,"530.4555664",1959,FALSE,"America/Chicago"
3674,"Skelly Field at H. A. Chapman Stadium", 30000,FALSE,"Tulsa","OK","74194","US",  36.148918, -95.943785,"235.5928345",1930,FALSE,"America/Chicago"
7065,"SoFi Stadium", 71500,NA,"Inglewood","CA",NA,"US",  33.956200,-118.353132,NA,NA,TRUE,NA
3933,"Soldier Field", 61500,TRUE,"Chicago","IL","60605","US",  41.862500, -87.616667,"177.420578",1924,FALSE,"America/Chicago"
3761,"Sonny Lubick Field at Hughes Stadium", 34400,FALSE,"Fort Collins","CO","80526","US",  40.562118,-105.141625,"1574.920898",1968,FALSE,"America/Denver"
3935,"Spartan Stadium", 30456,FALSE,"San Jose","CA","95112","US",  37.319668,-121.868296,"28.30708694",1933,FALSE,"America/Los_Angeles"
3936,"Spartan Stadium", 75005,FALSE,"East Lansing","MI","48824","US",  42.728147, -84.484853,"254.8794861",1923,FALSE,"America/Detroit"
4416,"Spec Martin Municipal Stadium",  6000,NA,"DeLand","FL","32720","US",  29.020858, -81.299375,"14.65544891",1941,FALSE,NA
3937,"Sports Authority Field at Mile High", 76125,TRUE,"Denver","CO","80204","US",  39.743889,-105.020000,"1583.532593",2001,FALSE,"America/Denver"
 844,"Stambaugh Stadium", 20630,FALSE,"Youngstown","OH","44502","US",  41.109296, -80.650188,"298.8893127",1982,FALSE,"America/New_York"
3940,"Stanford Stadium", 50424,FALSE,"Stanford","CA","94305","US",  37.434556,-122.161127,"18.38425636",2006,FALSE,"America/Los_Angeles"
5263,"Steele Stadium",  3000,NA,"Owensboro","KY",NA,"US",  37.742297, -87.119976,"122.5809097",2004,FALSE,NA
3716,"Stewart """"Red"""" Faught Stadium",  4000,NA,"Franklin","IN","92620","US",  33.704156,-117.751090,"222.7",1999,FALSE,NA
3942,"Stewart Stadium", 17500,FALSE,"Ogden","UT","84408","US",  41.191874,-111.940139,"1451.553711",1966,FALSE,"America/Denver"
3944,"Strawberry Stadium",  7408,FALSE,"Hammond","LA","70401","US",  30.511026, -90.468579,"13.7104578",1936,FALSE,"America/Chicago"
 538,"StubHub Center", 27000,FALSE,"Carson","CA","92620","US",  33.832204,-118.251755,NA,NA,FALSE,NA
3768,"Summa Field at InfoCision Stadium", 30000,FALSE,"Akron","OH","44399","US",  41.072553, -81.508341,"321.2875061",2009,FALSE,"America/New_York"
3946,"Sun Bowl Stadium", 51500,FALSE,"El Paso","TX","79968","US",  31.773335,-106.507957,"1183.697876",1963,FALSE,"America/Denver"
3947,"Sun Devil Stadium", 65870,FALSE,"Tempe","AZ","85287","US",  33.426447,-111.932501,"360.1569519",1958,FALSE,"America/Phoenix"
5319,"SunTrust Park", 41084,TRUE,"Atlanta","GA","30339","US",  33.890817, -84.467656,"289.7",2017,FALSE,"America/New_York"
3950,"Superior Dome",  8000,FALSE,"Marquette","MI","70118","US",  46.560589, -87.393741,"186.4",1991,FALSE,"America/Detroit"
3953,"TCF Bank Stadium", 50850,FALSE,"Minneapolis","MN","55488","US",  44.976525, -93.224546,"254.3902283",2009,FALSE,"America/Chicago"
3952,"Ted Wright Stadium",  7500,FALSE,"Savannah","GA","31404","US",  32.027435, -81.068749,"6.564679146",1967,FALSE,"America/New_York"
4750,"The Reservation", 10000,NA,"Gaffney","SC","29342","US",  35.071795, -81.649820,"212.4",2008,FALSE,NA
4779,"Thomas Robinson Stadium", 15000,TRUE,"Nassau","",NA,"BS",  25.055569, -77.358736,"3.182889223",1981,FALSE,NA
3958,"Tiger Stadium",102321,TRUE,"Baton Rouge","LA","70803","US",  30.412035, -91.183816,"7.640734673",1924,FALSE,"America/Chicago"
3718,"Tom Benson Hall of Fame Stadium", 23000,NA,"Canton","OH",NA,"US",NA,NA,NA,NA,FALSE,NA
 716,"Torero Stadium",  6000,TRUE,"San Diego","CA","92111","US",  32.773067,-117.183721,"57.95064545",1961,FALSE,"America/Los_Angeles"
5096,"Toyota Stadium",  5000,NA,"Georgetown","KY","40324","US",  38.204444, -84.545556,"270.7148743",1997,FALSE,NA
1400,"Toyota Stadium", 20500,TRUE,"Frisco","TX","75033","US",  33.154444, -96.835278,"181.3815918",2005,FALSE,"America/Chicago"
4113,"Tropicana Field", 31042,FALSE,"Saint Petersburg","FL","33705","US",  27.768333, -82.653333,"12.19581413",1990,FALSE,"America/New_York"
3962,"Tucker Stadium", 16500,FALSE,"Cookeville","TN","38501","US",  36.178055, -85.506183,"340.8609314",1966,FALSE,"America/Chicago"
5015,"Turner Stadium",  4400,NA,"Upland","IN","92602","US",  40.456862, -85.501228,"282.0275574",2015,FALSE,NA
3965,"UB Stadium", 30270,FALSE,"Amherst","NY","14260","US",  42.999133, -78.777511,"181.5759735",1993,FALSE,"America/New_York"
3967,"UNI-Dome", 16324,FALSE,"Cedar Falls","IA","50614","US",  42.515611, -92.467231,"281.8959656",1976,TRUE,"America/Chicago"
3969,"University Field (NY)", 10000,TRUE,"Albany","NY","12206","US",  42.680981, -73.827276,"70.1",1970,FALSE,"America/New_York"
3970,"University of Phoenix Stadium", 65000,TRUE,"Glendale","AZ","85305","US",  33.527607,-112.262559,"325.6211243",2006,TRUE,"America/Phoenix"
3971,"University Stadium", 39224,FALSE,"Albuquerque","NM","87131","US",  35.066948,-106.628322,"1554.471924",1960,FALSE,"America/Denver"
3973,"Vanderbilt Stadium", 40351,FALSE,"Nashville","TN","37212","US",  36.144045, -86.808894,"159.9194641",1922,FALSE,"America/Chicago"
3974,"Vaught-Hemingway Stadium", 64038,TRUE,"Oxford","MS","38677","US",  34.361984, -89.534208,"146.8517151",1915,FALSE,"America/Chicago"
3975,"Veterans Memorial Stadium", 30000,FALSE,"Troy","AL","36082","US",  31.799557, -85.951833,"154.7746277",1950,FALSE,"America/Chicago"
 717,"Villanova Stadium", 12500,FALSE,"Villanova","PA","19085","US",  40.034333, -75.336767,"127.3836746",1927,FALSE,"America/New_York"
3979,"Wagner College Stadium",  3300,FALSE,"Staten Island","NY","10301","US",  40.614688, -74.090639,"63.39014053",1967,FALSE,"America/New_York"
3980,"Waldo Stadium", 30200,FALSE,"Kalamazoo","MI","49008","US",  42.286006, -85.600757,"243.8211212",1939,FALSE,"America/Detroit"
2023,"Walkup Skydome", 10000,FALSE,"Flagstaff","AZ","86001","US",  35.180548,-111.652838,"2097.884766",1977,TRUE,"America/Phoenix"
3982,"Wallace Wade Stadium", 40004,FALSE,"Durham","NC","27708","US",  35.995369, -78.941756,"103.0028152",1929,FALSE,"America/New_York"
3983,"War Memorial Stadium", 54120,FALSE,"Little Rock","AR","72205","US",  34.749848, -92.330127,"112.1398163",1948,FALSE,"America/Chicago"
3984,"War Memorial Stadium", 29181,FALSE,"Laramie","WY","82071","US",  41.311610,-105.568138,"2200.153564",1950,FALSE,"America/Denver"
3985,"Warren McGuirk Alumni Stadium", 17000,FALSE,"Hadley","MA","1003 ","US",  42.377324, -72.536059,"46.58664703",1965,FALSE,"America/New_York"
3987,"Washington-Grizzly Stadium", 25217,FALSE,"Missoula","MT","59812","US",  46.863875,-113.981504,"970.345459",1986,FALSE,"America/Denver"
3988,"Welcome Stadium", 11000,FALSE,"Dayton","OH","45417","US",  39.736924, -84.198107,"222.4020081",1949,FALSE,"America/New_York"
3688,"Wildcat Stadium", 11015,FALSE,"Durham","NH","3824 ","US",  43.138623, -70.939308,"19.05943298",1936,FALSE,"America/New_York"
5440,"Wildcat Stadium (TX)", 12000,FALSE,"Abilene","TX","79601","US",  32.472275, -99.710464,"520.9",2017,FALSE,"America/Chicago"
5400,"William B. Greene Jr. Stadium",  7694,FALSE,"Johnson City","TN","37604","US",  36.299084, -82.374117,"512.5",2017,FALSE,"America/New_York"
3991,"William Dick"""" Price Stadium""""", 30000,FALSE,"Norfolk","VA","23504","US",  36.846944, -76.260084,"4.916433334",1997,FALSE,"America/New_York"
3990,"William H. Greene Stadium", 10000,FALSE,"Washington","DC","20059","US",  38.925487, -77.021047,"53.46718979",1926,FALSE,"America/New_York"
3994,"Williams-Brice Stadium", 80250,TRUE,"Columbia","SC","29208","US",  33.973024, -81.019173,"60.54548645",1934,FALSE,"America/New_York"
3992,"Williams Stadium", 25000,FALSE,"Lynchburg","VA","24502","US",  37.354430, -79.175024,"272.9237061",1989,FALSE,"America/New_York"
4250,"Wrigley Field",     0,NA,"Chicago","IL","60654","US",  41.875562, -87.624421,NA,NA,FALSE,NA
3996,"Yager Stadium", 24286,FALSE,"Oxford","OH","45056","US",  39.519701, -84.733025,"242.2643585",1983,FALSE,"America/New_York"
3997,"Yale Bowl", 61446,FALSE,"New Haven","CT","6520 ","US",  41.313244, -72.960533,"5.302621841",1914,FALSE,"America/New_York"
4102,"Yankee Stadium", 54251,FALSE,"New York","NY","10451","US",  40.829167, -73.926389,"6.745362282",2009,FALSE,"America/New_York"
3998,"Zable Stadium", 12400,FALSE,"Williamsburg","VA","23186","US",  37.273100, -76.713720,"26.07615852",1935,FALSE,"America/New_York"
